algo,instance,run,score,runtime
ACO,tiny_n5,1,56.32,0.03
ACO,tiny_n5,2,56.32,0.03
ACO,tiny_n5,3,56.32,0.03
ACO,tiny_n5,4,56.32,0.03
ACO,tiny_n5,5,56.32,0.03
ACO,tiny_n5,6,56.32,0.03
ACO,tiny_n5,7,56.32,0.03
ACO,tiny_n5,8,56.32,0.03
ACO,tiny_n5,9,56.32,0.03
ACO,tiny_n5,10,56.32,0.03
ACOImproved,tiny_n5,1,56.32,0.03
ACOImproved,tiny_n5,2,56.32,0.03
ACOImproved,tiny_n5,3,56.32,0.03
ACOImproved,tiny_n5,4,56.32,0.03
ACOImproved,tiny_n5,5,56.32,0.03
ACOImproved,tiny_n5,6,56.32,0.03
ACOImproved,tiny_n5,7,56.32,0.03
ACOImproved,tiny_n5,8,56.32,0.03
ACOImproved,tiny_n5,9,56.32,0.03
ACOImproved,tiny_n5,10,56.32,0.03
GWO,tiny_n5,1,56.32,0.01
GWO,tiny_n5,2,29.80,0.01
GWO,tiny_n5,3,29.36,0.01
GWO,tiny_n5,4,51.29,0.01
GWO,tiny_n5,5,31.46,0.01
GWO,tiny_n5,6,29.36,0.01
GWO,tiny_n5,7,56.32,0.01
GWO,tiny_n5,8,31.46,0.01
GWO,tiny_n5,9,39.89,0.01
GWO,tiny_n5,10,51.29,0.01
GA,tiny_n5,1,51.29,0.22
GA,tiny_n5,2,51.29,0.23
GA,tiny_n5,3,56.32,0.21
GA,tiny_n5,4,56.32,0.22
GA,tiny_n5,5,56.32,0.21
GA,tiny_n5,6,51.29,0.21
GA,tiny_n5,7,56.32,0.21
GA,tiny_n5,8,56.32,0.22
GA,tiny_n5,9,56.32,0.21
GA,tiny_n5,10,56.32,0.22
GAImproved,tiny_n5,1,56.32,0.02
GAImproved,tiny_n5,2,56.32,0.02
GAImproved,tiny_n5,3,56.32,0.02
GAImproved,tiny_n5,4,56.32,0.02
GAImproved,tiny_n5,5,56.32,0.02
GAImproved,tiny_n5,6,56.32,0.02
GAImproved,tiny_n5,7,56.32,0.02
GAImproved,tiny_n5,8,56.32,0.02
GAImproved,tiny_n5,9,56.32,0.02
GAImproved,tiny_n5,10,56.32,0.02
SA,tiny_n5,1,56.32,0.09
SA,tiny_n5,2,56.32,0.10
SA,tiny_n5,3,56.32,0.09
SA,tiny_n5,4,56.32,0.09
SA,tiny_n5,5,56.32,0.09
SA,tiny_n5,6,56.32,0.10
SA,tiny_n5,7,56.32,0.09
SA,tiny_n5,8,56.32,0.09
SA,tiny_n5,9,56.32,0.09
SA,tiny_n5,10,56.32,0.10
SAImproved,tiny_n5,1,56.32,0.21
SAImproved,tiny_n5,2,56.32,0.21
SAImproved,tiny_n5,3,56.32,0.21
SAImproved,tiny_n5,4,56.32,0.20
SAImproved,tiny_n5,5,56.32,0.21
SAImproved,tiny_n5,6,56.32,0.21
SAImproved,tiny_n5,7,56.32,0.21
SAImproved,tiny_n5,8,56.32,0.21
SAImproved,tiny_n5,9,56.32,0.20
SAImproved,tiny_n5,10,56.32,0.20
S5,tiny_n5,1,29.36,0.00
S5,tiny_n5,2,29.36,0.00
S5,tiny_n5,3,29.36,0.00
S5,tiny_n5,4,29.36,0.00
S5,tiny_n5,5,29.36,0.00
S5,tiny_n5,6,29.36,0.00
S5,tiny_n5,7,29.36,0.00
S5,tiny_n5,8,29.36,0.00
S5,tiny_n5,9,29.36,0.00
S5,tiny_n5,10,29.36,0.00
ACO,tiny_n7,1,115.23,0.06
ACO,tiny_n7,2,115.23,0.06
ACO,tiny_n7,3,115.23,0.06
ACO,tiny_n7,4,115.23,0.05
ACO,tiny_n7,5,115.23,0.06
ACO,tiny_n7,6,115.23,0.05
ACO,tiny_n7,7,115.23,0.06
ACO,tiny_n7,8,115.23,0.05
ACO,tiny_n7,9,115.23,0.06
ACO,tiny_n7,10,115.23,0.06
ACOImproved,tiny_n7,1,115.23,0.06
ACOImproved,tiny_n7,2,115.23,0.06
ACOImproved,tiny_n7,3,115.23,0.06
ACOImproved,tiny_n7,4,115.23,0.06
ACOImproved,tiny_n7,5,115.23,0.06
ACOImproved,tiny_n7,6,115.23,0.06
ACOImproved,tiny_n7,7,115.23,0.06
ACOImproved,tiny_n7,8,115.23,0.06
ACOImproved,tiny_n7,9,115.23,0.06
ACOImproved,tiny_n7,10,115.23,0.06
GWO,tiny_n7,1,71.42,0.03
GWO,tiny_n7,2,115.23,0.02
GWO,tiny_n7,3,74.89,0.05
GWO,tiny_n7,4,54.85,0.04
GWO,tiny_n7,5,70.45,0.02
GWO,tiny_n7,6,71.42,0.03
GWO,tiny_n7,7,85.56,0.03
GWO,tiny_n7,8,115.23,0.03
GWO,tiny_n7,9,92.25,0.03
GWO,tiny_n7,10,95.02,0.05
GA,tiny_n7,1,115.23,0.24
GA,tiny_n7,2,110.40,0.25
GA,tiny_n7,3,110.40,0.25
GA,tiny_n7,4,115.23,0.24
GA,tiny_n7,5,115.23,0.44
GA,tiny_n7,6,110.40,0.26
GA,tiny_n7,7,115.23,0.24
GA,tiny_n7,8,108.95,0.24
GA,tiny_n7,9,115.23,0.25
GA,tiny_n7,10,108.95,0.27
GAImproved,tiny_n7,1,115.23,0.03
GAImproved,tiny_n7,2,115.23,0.03
GAImproved,tiny_n7,3,115.23,0.03
GAImproved,tiny_n7,4,115.23,0.04
GAImproved,tiny_n7,5,115.23,0.03
GAImproved,tiny_n7,6,115.23,0.03
GAImproved,tiny_n7,7,115.23,0.03
GAImproved,tiny_n7,8,115.23,0.04
GAImproved,tiny_n7,9,115.23,0.04
GAImproved,tiny_n7,10,115.23,0.04
SA,tiny_n7,1,110.40,0.11
SA,tiny_n7,2,115.23,0.11
SA,tiny_n7,3,110.40,0.11
SA,tiny_n7,4,115.23,0.11
SA,tiny_n7,5,115.23,0.11
SA,tiny_n7,6,115.23,0.11
SA,tiny_n7,7,110.40,0.11
SA,tiny_n7,8,115.23,0.11
SA,tiny_n7,9,115.23,0.11
SA,tiny_n7,10,115.23,0.11
SAImproved,tiny_n7,1,115.23,0.26
SAImproved,tiny_n7,2,115.23,0.25
SAImproved,tiny_n7,3,115.23,0.25
SAImproved,tiny_n7,4,115.23,0.32
SAImproved,tiny_n7,5,115.23,0.26
SAImproved,tiny_n7,6,115.23,0.24
SAImproved,tiny_n7,7,115.23,0.24
SAImproved,tiny_n7,8,115.23,0.28
SAImproved,tiny_n7,9,115.23,0.24
SAImproved,tiny_n7,10,115.23,0.25
S5,tiny_n7,1,65.78,0.00
S5,tiny_n7,2,65.78,0.00
S5,tiny_n7,3,65.78,0.00
S5,tiny_n7,4,65.78,0.00
S5,tiny_n7,5,65.78,0.00
S5,tiny_n7,6,65.78,0.00
S5,tiny_n7,7,65.78,0.00
S5,tiny_n7,8,65.78,0.00
S5,tiny_n7,9,65.78,0.00
S5,tiny_n7,10,65.78,0.00
ACO,tiny_n9,1,36.76,0.13
ACO,tiny_n9,2,36.76,0.11
ACO,tiny_n9,3,36.76,0.12
ACO,tiny_n9,4,36.76,0.12
ACO,tiny_n9,5,36.76,0.15
ACO,tiny_n9,6,36.76,0.14
ACO,tiny_n9,7,36.76,0.10
ACO,tiny_n9,8,36.76,0.10
ACO,tiny_n9,9,36.76,0.12
ACO,tiny_n9,10,36.76,0.12
ACOImproved,tiny_n9,1,36.76,0.14
ACOImproved,tiny_n9,2,36.76,0.10
ACOImproved,tiny_n9,3,36.76,0.11
ACOImproved,tiny_n9,4,36.76,0.10
ACOImproved,tiny_n9,5,36.76,0.11
ACOImproved,tiny_n9,6,36.76,0.11
ACOImproved,tiny_n9,7,36.76,0.13
ACOImproved,tiny_n9,8,36.76,0.13
ACOImproved,tiny_n9,9,36.76,0.10
ACOImproved,tiny_n9,10,36.76,0.13
GWO,tiny_n9,1,40.77,0.06
GWO,tiny_n9,2,11.14,0.04
GWO,tiny_n9,3,40.77,0.06
GWO,tiny_n9,4,22.41,0.05
GWO,tiny_n9,5,-28.09,0.04
GWO,tiny_n9,6,30.59,0.04
GWO,tiny_n9,7,11.14,0.08
GWO,tiny_n9,8,11.14,0.04
GWO,tiny_n9,9,10.53,0.05
GWO,tiny_n9,10,-24.12,0.07
GA,tiny_n9,1,22.41,0.29
GA,tiny_n9,2,26.48,0.28
GA,tiny_n9,3,36.76,0.37
GA,tiny_n9,4,36.76,0.27
GA,tiny_n9,5,31.85,0.26
GA,tiny_n9,6,36.76,0.27
GA,tiny_n9,7,31.85,0.26
GA,tiny_n9,8,22.41,0.28
GA,tiny_n9,9,23.04,0.27
GA,tiny_n9,10,36.76,0.28
GAImproved,tiny_n9,1,52.71,0.05
GAImproved,tiny_n9,2,52.71,0.06
GAImproved,tiny_n9,3,52.71,0.05
GAImproved,tiny_n9,4,52.71,0.06
GAImproved,tiny_n9,5,52.71,0.08
GAImproved,tiny_n9,6,52.71,0.06
GAImproved,tiny_n9,7,52.71,0.05
GAImproved,tiny_n9,8,52.71,0.04
GAImproved,tiny_n9,9,52.71,0.05
GAImproved,tiny_n9,10,52.71,0.05
SA,tiny_n9,1,36.76,0.12
SA,tiny_n9,2,40.77,0.14
SA,tiny_n9,3,52.71,0.12
SA,tiny_n9,4,40.77,0.12
SA,tiny_n9,5,31.85,0.13
SA,tiny_n9,6,36.76,0.12
SA,tiny_n9,7,52.10,0.13
SA,tiny_n9,8,37.13,0.13
SA,tiny_n9,9,40.77,0.12
SA,tiny_n9,10,32.83,0.12
SAImproved,tiny_n9,1,52.71,0.54
SAImproved,tiny_n9,2,52.71,0.53
SAImproved,tiny_n9,3,52.71,0.54
SAImproved,tiny_n9,4,52.71,0.56
SAImproved,tiny_n9,5,52.71,0.60
SAImproved,tiny_n9,6,52.71,0.60
SAImproved,tiny_n9,7,52.71,0.56
SAImproved,tiny_n9,8,52.71,0.57
SAImproved,tiny_n9,9,52.71,0.55
SAImproved,tiny_n9,10,52.71,0.56
S5,tiny_n9,1,-22.51,0.00
S5,tiny_n9,2,-22.51,0.00
S5,tiny_n9,3,-22.51,0.00
S5,tiny_n9,4,-22.51,0.00
S5,tiny_n9,5,-22.51,0.00
S5,tiny_n9,6,-22.51,0.00
S5,tiny_n9,7,-22.51,0.00
S5,tiny_n9,8,-22.51,0.00
S5,tiny_n9,9,-22.51,0.00
S5,tiny_n9,10,-22.51,0.00
ACO,eil51_uncorr,1,1973.04,13.06
ACO,eil51_uncorr,2,2082.14,17.57
ACO,eil51_uncorr,3,2148.51,19.74
ACO,eil51_uncorr,4,2566.67,21.95
ACO,eil51_uncorr,5,2491.76,18.96
ACO,eil51_uncorr,6,2153.44,18.77
ACO,eil51_uncorr,7,2247.47,13.53
ACO,eil51_uncorr,8,2317.21,15.41
ACO,eil51_uncorr,9,1896.67,14.08
ACO,eil51_uncorr,10,2145.81,12.23
ACOImproved,eil51_uncorr,1,1966.87,10.06
ACOImproved,eil51_uncorr,2,2442.78,21.33
ACOImproved,eil51_uncorr,3,2559.35,17.68
ACOImproved,eil51_uncorr,4,2517.36,14.58
ACOImproved,eil51_uncorr,5,2217.77,20.86
ACOImproved,eil51_uncorr,6,2499.68,17.70
ACOImproved,eil51_uncorr,7,2511.59,26.52
ACOImproved,eil51_uncorr,8,2499.68,14.44
ACOImproved,eil51_uncorr,9,2438.66,18.45
ACOImproved,eil51_uncorr,10,2516.66,14.17
GWO,eil51_uncorr,1,1556.79,1.81
GWO,eil51_uncorr,2,1907.15,1.80
GWO,eil51_uncorr,3,1477.76,1.71
GWO,eil51_uncorr,4,2065.22,1.77
GWO,eil51_uncorr,5,1464.43,1.06
GWO,eil51_uncorr,6,1846.02,1.63
GWO,eil51_uncorr,7,1520.76,1.41
GWO,eil51_uncorr,8,1810.30,1.64
GWO,eil51_uncorr,9,1858.42,0.87
GWO,eil51_uncorr,10,1344.33,1.69
GA,eil51_uncorr,1,2077.22,2.43
GA,eil51_uncorr,2,2309.90,1.52
GA,eil51_uncorr,3,2637.46,2.16
GA,eil51_uncorr,4,1525.74,2.69
GA,eil51_uncorr,5,2246.56,1.06
GA,eil51_uncorr,6,2603.57,2.13
GA,eil51_uncorr,7,2187.72,2.32
GA,eil51_uncorr,8,2355.44,2.46
GA,eil51_uncorr,9,2462.94,1.98
GA,eil51_uncorr,10,2014.28,1.69
GAImproved,eil51_uncorr,1,2510.29,0.71
GAImproved,eil51_uncorr,2,2521.92,1.02
GAImproved,eil51_uncorr,3,2516.77,0.75
GAImproved,eil51_uncorr,4,2667.48,1.32
GAImproved,eil51_uncorr,5,2827.95,2.41
GAImproved,eil51_uncorr,6,2540.11,0.71
GAImproved,eil51_uncorr,7,2540.11,0.77
GAImproved,eil51_uncorr,8,2537.61,1.23
GAImproved,eil51_uncorr,9,2448.41,1.35
GAImproved,eil51_uncorr,10,2466.76,1.05
SA,eil51_uncorr,1,1609.47,0.28
SA,eil51_uncorr,2,2403.54,0.30
SA,eil51_uncorr,3,1548.60,0.28
SA,eil51_uncorr,4,1036.46,0.29
SA,eil51_uncorr,5,2018.16,0.29
SA,eil51_uncorr,6,1915.93,0.33
SA,eil51_uncorr,7,1396.42,0.34
SA,eil51_uncorr,8,2125.85,0.37
SA,eil51_uncorr,9,1382.54,0.31
SA,eil51_uncorr,10,2118.47,0.26
SAImproved,eil51_uncorr,1,2745.13,12.57
SAImproved,eil51_uncorr,2,2725.75,13.63
SAImproved,eil51_uncorr,3,2777.42,10.21
SAImproved,eil51_uncorr,4,2630.74,10.88
SAImproved,eil51_uncorr,5,2698.32,11.55
SAImproved,eil51_uncorr,6,2675.38,11.90
SAImproved,eil51_uncorr,7,2736.89,10.66
SAImproved,eil51_uncorr,8,2710.70,14.61
SAImproved,eil51_uncorr,9,2638.61,13.15
SAImproved,eil51_uncorr,10,2526.51,10.89
S5,eil51_uncorr,1,447.79,0.00
S5,eil51_uncorr,2,447.79,0.00
S5,eil51_uncorr,3,447.79,0.00
S5,eil51_uncorr,4,447.79,0.00
S5,eil51_uncorr,5,447.79,0.00
S5,eil51_uncorr,6,447.79,0.00
S5,eil51_uncorr,7,447.79,0.00
S5,eil51_uncorr,8,447.79,0.00
S5,eil51_uncorr,9,447.79,0.00
S5,eil51_uncorr,10,447.79,0.00
ACO,eil51_corr,1,3767.51,14.69
ACO,eil51_corr,2,3762.63,14.03
ACO,eil51_corr,3,3874.41,20.54
ACO,eil51_corr,4,3791.70,10.61
ACO,eil51_corr,5,3729.01,10.25
ACO,eil51_corr,6,3612.10,14.13
ACO,eil51_corr,7,3683.83,11.43
ACO,eil51_corr,8,3696.42,10.37
ACO,eil51_corr,9,3545.06,8.83
ACO,eil51_corr,10,3631.89,11.66
ACOImproved,eil51_corr,1,4091.71,16.79
ACOImproved,eil51_corr,2,4186.78,20.61
ACOImproved,eil51_corr,3,4269.21,16.16
ACOImproved,eil51_corr,4,4230.13,26.92
ACOImproved,eil51_corr,5,3953.90,15.82
ACOImproved,eil51_corr,6,4082.51,18.93
ACOImproved,eil51_corr,7,4210.49,21.89
ACOImproved,eil51_corr,8,4217.10,22.45
ACOImproved,eil51_corr,9,4239.30,20.76
ACOImproved,eil51_corr,10,4266.88,10.73
GWO,eil51_corr,1,2794.91,1.15
GWO,eil51_corr,2,2781.93,0.75
GWO,eil51_corr,3,2796.05,1.70
GWO,eil51_corr,4,2762.61,0.60
GWO,eil51_corr,5,2782.72,1.59
GWO,eil51_corr,6,2782.76,1.05
GWO,eil51_corr,7,2821.35,0.59
GWO,eil51_corr,8,2892.01,1.43
GWO,eil51_corr,9,2842.95,1.82
GWO,eil51_corr,10,2725.46,1.15
GA,eil51_corr,1,3810.06,2.38
GA,eil51_corr,2,2855.40,2.24
GA,eil51_corr,3,2699.58,0.71
GA,eil51_corr,4,2843.27,1.37
GA,eil51_corr,5,2534.88,0.77
GA,eil51_corr,6,2840.29,1.07
GA,eil51_corr,7,3667.96,0.77
GA,eil51_corr,8,2777.40,1.44
GA,eil51_corr,9,2821.77,1.97
GA,eil51_corr,10,2765.76,1.23
GAImproved,eil51_corr,1,4229.86,0.66
GAImproved,eil51_corr,2,3663.72,0.49
GAImproved,eil51_corr,3,3909.61,0.79
GAImproved,eil51_corr,4,3851.54,0.79
GAImproved,eil51_corr,5,3831.95,0.63
GAImproved,eil51_corr,6,3709.53,1.11
GAImproved,eil51_corr,7,3916.22,1.00
GAImproved,eil51_corr,8,3884.35,0.52
GAImproved,eil51_corr,9,3820.17,1.69
GAImproved,eil51_corr,10,3909.13,1.08
SA,eil51_corr,1,2748.70,0.27
SA,eil51_corr,2,3025.74,0.26
SA,eil51_corr,3,3309.23,0.26
SA,eil51_corr,4,2970.70,0.29
SA,eil51_corr,5,2717.23,0.27
SA,eil51_corr,6,3223.99,0.27
SA,eil51_corr,7,2639.42,0.27
SA,eil51_corr,8,2529.56,0.27
SA,eil51_corr,9,2457.66,0.29
SA,eil51_corr,10,2851.66,0.26
SAImproved,eil51_corr,1,3939.59,10.88
SAImproved,eil51_corr,2,3887.16,10.31
SAImproved,eil51_corr,3,4071.62,10.72
SAImproved,eil51_corr,4,4066.12,10.93
SAImproved,eil51_corr,5,3737.83,10.53
SAImproved,eil51_corr,6,3859.54,9.99
SAImproved,eil51_corr,7,3578.19,10.22
SAImproved,eil51_corr,8,3725.78,10.43
SAImproved,eil51_corr,9,3984.77,9.46
SAImproved,eil51_corr,10,3996.24,9.13
S5,eil51_corr,1,2575.12,0.00
S5,eil51_corr,2,2575.12,0.00
S5,eil51_corr,3,2575.12,0.00
S5,eil51_corr,4,2575.12,0.00
S5,eil51_corr,5,2575.12,0.00
S5,eil51_corr,6,2575.12,0.00
S5,eil51_corr,7,2575.12,0.00
S5,eil51_corr,8,2575.12,0.00
S5,eil51_corr,9,2575.12,0.00
S5,eil51_corr,10,2575.12,0.00
ACO,pr76_n75_uncorr,1,4536.48,44.25
ACO,pr76_n75_uncorr,2,4427.50,49.02
ACO,pr76_n75_uncorr,3,4446.43,37.25
ACO,pr76_n75_uncorr,4,4536.23,75.98
ACO,pr76_n75_uncorr,5,4543.95,56.53
ACO,pr76_n75_uncorr,6,4501.43,61.32
ACO,pr76_n75_uncorr,7,4468.17,44.75
ACO,pr76_n75_uncorr,8,4536.48,54.58
ACO,pr76_n75_uncorr,9,4449.31,52.23
ACO,pr76_n75_uncorr,10,4536.23,61.00
ACOImproved,pr76_n75_uncorr,1,4536.23,50.17
ACOImproved,pr76_n75_uncorr,2,4419.46,58.63
ACOImproved,pr76_n75_uncorr,3,4359.85,56.20
ACOImproved,pr76_n75_uncorr,4,4536.23,44.53
ACOImproved,pr76_n75_uncorr,5,4402.60,42.78
ACOImproved,pr76_n75_uncorr,6,4534.81,41.15
ACOImproved,pr76_n75_uncorr,7,4449.31,46.17
ACOImproved,pr76_n75_uncorr,8,4435.75,52.65
ACOImproved,pr76_n75_uncorr,9,4606.57,56.99
ACOImproved,pr76_n75_uncorr,10,4466.59,63.87
GWO,pr76_n75_uncorr,1,1820.90,5.63
GWO,pr76_n75_uncorr,2,2768.91,5.61
GWO,pr76_n75_uncorr,3,2271.39,6.81
GWO,pr76_n75_uncorr,4,2036.77,4.94
GWO,pr76_n75_uncorr,5,3262.05,4.71
GWO,pr76_n75_uncorr,6,2500.20,4.60
GWO,pr76_n75_uncorr,7,2821.80,3.36
GWO,pr76_n75_uncorr,8,2837.36,4.65
GWO,pr76_n75_uncorr,9,3401.71,3.92
GWO,pr76_n75_uncorr,10,2240.30,3.63
GA,pr76_n75_uncorr,1,2328.67,4.01
GA,pr76_n75_uncorr,2,3109.77,3.70
GA,pr76_n75_uncorr,3,2781.43,3.75
GA,pr76_n75_uncorr,4,2654.66,3.08
GA,pr76_n75_uncorr,5,2370.26,2.92
GA,pr76_n75_uncorr,6,3727.97,4.08
GA,pr76_n75_uncorr,7,2580.68,2.93
GA,pr76_n75_uncorr,8,2366.23,3.01
GA,pr76_n75_uncorr,9,3580.33,2.90
GA,pr76_n75_uncorr,10,2915.13,2.89
GAImproved,pr76_n75_uncorr,1,4682.47,4.51
GAImproved,pr76_n75_uncorr,2,4933.21,6.49
GAImproved,pr76_n75_uncorr,3,4837.55,2.79
GAImproved,pr76_n75_uncorr,4,4781.27,4.60
GAImproved,pr76_n75_uncorr,5,4767.13,2.00
GAImproved,pr76_n75_uncorr,6,4952.05,3.51
GAImproved,pr76_n75_uncorr,7,4791.84,2.12
GAImproved,pr76_n75_uncorr,8,4755.22,4.31
GAImproved,pr76_n75_uncorr,9,4775.73,2.27
GAImproved,pr76_n75_uncorr,10,4969.23,2.80
SA,pr76_n75_uncorr,1,2377.07,0.41
SA,pr76_n75_uncorr,2,2861.83,0.41
SA,pr76_n75_uncorr,3,2088.33,0.42
SA,pr76_n75_uncorr,4,2859.51,0.41
SA,pr76_n75_uncorr,5,2455.71,0.40
SA,pr76_n75_uncorr,6,2299.53,0.40
SA,pr76_n75_uncorr,7,3665.88,0.40
SA,pr76_n75_uncorr,8,2716.25,0.41
SA,pr76_n75_uncorr,9,3664.97,0.40
SA,pr76_n75_uncorr,10,2608.02,0.40
SAImproved,pr76_n75_uncorr,1,4811.10,31.00
SAImproved,pr76_n75_uncorr,2,4765.16,31.49
SAImproved,pr76_n75_uncorr,3,5072.75,31.99
SAImproved,pr76_n75_uncorr,4,4537.83,32.77
SAImproved,pr76_n75_uncorr,5,5011.31,29.17
SAImproved,pr76_n75_uncorr,6,5042.93,27.98
SAImproved,pr76_n75_uncorr,7,4467.52,31.63
SAImproved,pr76_n75_uncorr,8,4885.85,30.02
SAImproved,pr76_n75_uncorr,9,5075.93,30.93
SAImproved,pr76_n75_uncorr,10,4837.54,36.40
S5,pr76_n75_uncorr,1,-556.85,0.01
S5,pr76_n75_uncorr,2,-556.85,0.01
S5,pr76_n75_uncorr,3,-556.85,0.01
S5,pr76_n75_uncorr,4,-556.85,0.01
S5,pr76_n75_uncorr,5,-556.85,0.01
S5,pr76_n75_uncorr,6,-556.85,0.01
S5,pr76_n75_uncorr,7,-556.85,0.01
S5,pr76_n75_uncorr,8,-556.85,0.01
S5,pr76_n75_uncorr,9,-556.85,0.01
S5,pr76_n75_uncorr,10,-556.85,0.01
ACO,pr76_n75_corr,1,2304.16,61.86
ACO,pr76_n75_corr,2,2208.69,45.71
ACO,pr76_n75_corr,3,1769.78,32.98
ACO,pr76_n75_corr,4,1903.60,49.16
ACO,pr76_n75_corr,5,1380.65,53.53
ACO,pr76_n75_corr,6,2027.11,46.37
ACO,pr76_n75_corr,7,928.91,33.67
ACO,pr76_n75_corr,8,2582.43,76.43
ACO,pr76_n75_corr,9,2574.02,63.43
ACO,pr76_n75_corr,10,1228.96,38.16
ACOImproved,pr76_n75_corr,1,2626.28,59.30
ACOImproved,pr76_n75_corr,2,1505.50,45.96
ACOImproved,pr76_n75_corr,3,2693.32,70.53
ACOImproved,pr76_n75_corr,4,1780.41,60.41
ACOImproved,pr76_n75_corr,5,2466.73,63.48
ACOImproved,pr76_n75_corr,6,2392.51,66.17
ACOImproved,pr76_n75_corr,7,1301.92,61.19
ACOImproved,pr76_n75_corr,8,2417.08,67.85
ACOImproved,pr76_n75_corr,9,1707.83,77.52
ACOImproved,pr76_n75_corr,10,2448.22,57.95
GWO,pr76_n75_corr,1,-4398.79,1.39
GWO,pr76_n75_corr,2,-1172.29,4.39
GWO,pr76_n75_corr,3,66.04,3.44
GWO,pr76_n75_corr,4,-1610.09,5.31
GWO,pr76_n75_corr,5,-1511.90,5.90
GWO,pr76_n75_corr,6,-723.41,4.76
GWO,pr76_n75_corr,7,-1836.70,7.22
GWO,pr76_n75_corr,8,-948.93,5.53
GWO,pr76_n75_corr,9,-2165.92,1.32
GWO,pr76_n75_corr,10,-1805.01,3.95
GA,pr76_n75_corr,1,-660.28,3.09
GA,pr76_n75_corr,2,-1449.11,2.90
GA,pr76_n75_corr,3,-771.06,2.87
GA,pr76_n75_corr,4,-271.40,2.86
GA,pr76_n75_corr,5,-82.76,2.88
GA,pr76_n75_corr,6,-2304.57,3.74
GA,pr76_n75_corr,7,-2062.64,2.88
GA,pr76_n75_corr,8,-1434.18,2.86
GA,pr76_n75_corr,9,562.11,2.86
GA,pr76_n75_corr,10,-1399.19,2.40
GAImproved,pr76_n75_corr,1,2712.71,3.50
GAImproved,pr76_n75_corr,2,2750.05,1.99
GAImproved,pr76_n75_corr,3,2712.71,3.01
GAImproved,pr76_n75_corr,4,2710.06,3.18
GAImproved,pr76_n75_corr,5,2750.05,3.06
GAImproved,pr76_n75_corr,6,2633.07,3.07
GAImproved,pr76_n75_corr,7,2750.05,3.42
GAImproved,pr76_n75_corr,8,2707.89,4.42
GAImproved,pr76_n75_corr,9,2633.07,2.21
GAImproved,pr76_n75_corr,10,2750.05,2.61
SA,pr76_n75_corr,1,-920.13,0.42
SA,pr76_n75_corr,2,-226.01,0.46
SA,pr76_n75_corr,3,-783.38,0.53
SA,pr76_n75_corr,4,-1459.40,0.50
SA,pr76_n75_corr,5,-1023.52,0.47
SA,pr76_n75_corr,6,-741.34,0.40
SA,pr76_n75_corr,7,135.37,0.43
SA,pr76_n75_corr,8,-1951.90,0.44
SA,pr76_n75_corr,9,-1533.46,0.45
SA,pr76_n75_corr,10,-784.57,0.47
SAImproved,pr76_n75_corr,1,2335.37,36.20
SAImproved,pr76_n75_corr,2,2297.67,29.80
SAImproved,pr76_n75_corr,3,2586.01,26.92
SAImproved,pr76_n75_corr,4,2118.55,28.12
SAImproved,pr76_n75_corr,5,2289.45,25.36
SAImproved,pr76_n75_corr,6,1731.88,26.82
SAImproved,pr76_n75_corr,7,2492.50,27.23
SAImproved,pr76_n75_corr,8,2185.79,27.00
SAImproved,pr76_n75_corr,9,1987.93,25.91
SAImproved,pr76_n75_corr,10,2043.93,26.40
S5,pr76_n75_corr,1,-4520.40,0.01
S5,pr76_n75_corr,2,-4520.40,0.01
S5,pr76_n75_corr,3,-4520.40,0.01
S5,pr76_n75_corr,4,-4520.40,0.01
S5,pr76_n75_corr,5,-4520.40,0.01
S5,pr76_n75_corr,6,-4520.40,0.01
S5,pr76_n75_corr,7,-4520.40,0.01
S5,pr76_n75_corr,8,-4520.40,0.01
S5,pr76_n75_corr,9,-4520.40,0.01
S5,pr76_n75_corr,10,-4520.40,0.01
